Building,Floor,Best Available Refuge Area,Geocoding,FormattedAddress
700 University Blvd East,1,West hallway between 0150-0177; Bathrooms in center hallway; East hallway between 0194-0205; hallway between 0280-0245,"33.207845, -87.52714","Capstone Medical Center, 700 University Boulevard East, Tuscaloosa, AL 35404, USA"
Delta Gamma,B,Chapter Room,"33.207924, -87.54517","Delta Gamma, 8th Street, Tuscaloosa, AL 35401, USA"
Alpha Delta Pi,B,"Chapter Room, restrooms, hallway running East to West, hallways running North to South on each end of the long East to West hall","33.209841, -87.569173","Tuscaloosa, AL, USA"
Alpha Gamma Delta,B,"Both stairwells, Chapter room","33.208068, -87.546149","Alpha Gamma Delta, Tuscaloosa, AL 35401, USA"
Delta Delta Delta,B,"Chapter room, restrooms, and hallways","33.207692, -87.548186","Delta Delta Delta, Tuscaloosa, AL 35401, USA"
Phi Delta Theta,1,Restrooms,"33.208456, -87.536448","Phi Delta Theta, 4th Street, Tuscaloosa, AL 35401, USA"
Phi Delta Theta,2,"Closets, restrooms inside apartments (excluding room 2049)","33.208456, -87.536448","Phi Delta Theta, 4th Street, Tuscaloosa, AL 35401, USA"
Sigma Chi (new),1,"Common restroom near front of building, men's restroom in party room, east stairwell and adjacent hallway between fire doors","33.209841, -87.569173","Tuscaloosa, AL, USA"
Sigma Chi (new),2,"Stairwells on East and West ends (not center stairs), hallway running east to west between rooms 205 and 209 (closing fire doors), hallway running east to west and north to south (closing fire doors) between rooms 234 √ê 239","33.209841, -87.569173","Tuscaloosa, AL, USA"
Old Alpha Delta Pi,2,"Restrooms, hallways except for south hallway near rooms 200 and 206","33.209841, -87.569173","Tuscaloosa, AL, USA"
Old Alpha Gamma Delta,B,"Chapter room, TV room/den, chapter storage room, Basement to 1st floor stairwells (both)","33.209841, -87.569173","Tuscaloosa, AL, USA"
Alpha Omicron Pi,2,"Hallways, bathrooms, lounge/study room 211","33.208779, -87.548986","Alpha Omicron Pi, Tuscaloosa, AL 35401, USA"
Delta Sigma Phi,B,Hallways,"33.21206, -87.539273","Delta Sigma Phi, 415 Jefferson Avenue, Tuscaloosa, AL 35401, USA"
Delta Sigma Phi,1,Restrooms in main house excluding restrooms in stairwell,"33.21206, -87.539273","Delta Sigma Phi, 415 Jefferson Avenue, Tuscaloosa, AL 35401, USA"
Gamma Phi Beta,2,"Lounge, bathrooms","33.20667, -87.548494","Gamma Phi Beta, Tuscaloosa, AL 35401, USA"
Beta Theta Pi,1,Closets and restrooms between bedrooms,"33.21089, -87.550589","Beta Theta Pi, Tuscaloosa, AL 35401, USA"
Beta Theta Pi,2,Closets and restrooms between bedrooms,"33.21089, -87.550589","Beta Theta Pi, Tuscaloosa, AL 35401, USA"
Chi Phi,B,"Recreation room, hallway, restrooms","33.209793, -87.540223","Chi Phi, Tuscaloosa, AL 35401, USA"
Alpha Kappa Alpha,1,"Common restrooms, back hallway between fire doors","33.209841, -87.569173","Tuscaloosa, AL, USA"
Alpha Kappa Alpha,2,"Hallways, restrooms between rooms","33.209841, -87.569173","Tuscaloosa, AL, USA"
Delta Kappa Epsilon,1,"Chapter Room, men's and women's restrooms","33.21075, -87.550129","Delta Kappa Epsilon, Tuscaloosa, AL 35401, USA"
Alpha Kappa Lambda,1,Common restrooms including meeting room restroom,"33.209914, -87.539402","Alpha Kappa Lambda, Tuscaloosa, AL 35401, USA"
Delta Tau Delta,B,"Event Room, Pool Table Room and adjacent hall to stairs.","33.211656, -87.539329","Delta Tau Delta, Tuscaloosa, AL 35401, USA"
Delta Zeta,B,"Chapter room, office, laundry, computer room, hallway running from stairwell to the Chapter room.","33.207396, -87.548303","Delta Zeta, Tuscaloosa, AL 35401, USA"
Kappa Alpha,1,"Hallway between President's room and Kitchen (between fire doors), common restroom near Lounge with pool table","33.209043, -87.539004","Kappa Alpha, Tuscaloosa, AL 35401, USA"
Kappa Alpha,2,"Hallway between rooms 3 and 9, hallway between rooms 12 and 17","33.209043, -87.539004","Kappa Alpha, Tuscaloosa, AL 35401, USA"
Kappa Alpha Theta,B,Chapter Room including North Stairwell and small hallway by the mechanical room.,"33.208327, -87.548942","Kappa Alpha Theta, 750 Colonial Drive, Tuscaloosa, AL 35401, USA"
Kappa Delta,B,"Chapter room, work room, laundry Room, hall outside of west stairwell.","33.207879, -87.54778","Kappa Delta, Tuscaloosa, AL 35401, USA"
Kappa Kappa Gamma,B,"Laundry, projects room","33.209841, -87.569173","Tuscaloosa, AL, USA"
Kappa Kappa Gamma,1,Common restroom,"33.209841, -87.569173","Tuscaloosa, AL, USA"
Kappa Kappa Gamma,2,"Hallway, bathroom, shower room, prepping room","33.209841, -87.569173","Tuscaloosa, AL, USA"
Kappa Sigma,B,Party Room,"33.210291, -87.539434","Kappa Sigma, Tuscaloosa, AL 35401, USA"
Kappa Sigma,2,Hallways except between lounge and bedroom hallways,"33.210291, -87.539434","Kappa Sigma, Tuscaloosa, AL 35401, USA"
Lambda Chi Alpha,2,"Bedroom hallways, lounge","33.209561, -87.539378","Lambda Chi Alpha, 601 Jefferson Avenue, Tuscaloosa, AL 35401, USA"
Phi Gamma Delta,B,"Storage, back stairwell","33.211047, -87.551042","Phi Gamma Delta, Tuscaloosa, AL 35401, USA"
Phi Gamma Delta,1,Back stairwell,"33.211047, -87.551042","Phi Gamma Delta, Tuscaloosa, AL 35401, USA"
Phi Gamma Delta,2,"Back stairwell, bathroom, bedroom hallways","33.211047, -87.551042","Phi Gamma Delta, Tuscaloosa, AL 35401, USA"
Phi Kappa Psi,B,"Laundry, restrooms, hallway between rear lounge and stairwell, hallway between bathrooms and laundry","33.209722, -87.550922","Phi Kappa Psi, Tuscaloosa, AL 35401, USA"
Phi Mu,B,Mechanical room,"33.209841, -87.569173","Tuscaloosa, AL, USA"
Pi Beta Phi,B,"Chapter room, computer room, custodial room, hallways off of chapter room","33.207527, -87.547606","Pi Beta Phi, Tuscaloosa, AL 35401, USA"
Sigma Pi Epsilon,B,Party room,"33.209158, -87.540571","Sigma Phi Epsilon, Tuscaloosa, AL 35401, USA"
Sigma Chi,B,Hallway,"33.212303, -87.539326","Sigma Chi, Tuscaloosa, AL 35401, USA"
Sigma Chi,1,"Common restroom, stairwell off bedroom hall","33.212303, -87.539326","Sigma Chi, Tuscaloosa, AL 35401, USA"
Alpha Phi,1,"Common restroom, bathroom off front bedroom","33.206361, -87.545952","Alpha Phi, Tuscaloosa, AL 35401, USA"
Alpha Phi,2,"Living room, bathroom, hallways, stairwell","33.206361, -87.545952","Alpha Phi, Tuscaloosa, AL 35401, USA"
Sigma Nu,B,"Chapter room, recreation room, office","33.211246, -87.551822","Sigma Nu, 990 University Boulevard, Tuscaloosa, AL 35401, USA"
Sigma Nu,1,Common restrooms,"33.211246, -87.551822","Sigma Nu, 990 University Boulevard, Tuscaloosa, AL 35401, USA"
Delta Sigma Phi,B,Common restrooms,"33.21206, -87.539273","Delta Sigma Phi, 415 Jefferson Avenue, Tuscaloosa, AL 35401, USA"
Delta Sigma Phi,1,Bathrooms,"33.21206, -87.539273","Delta Sigma Phi, 415 Jefferson Avenue, Tuscaloosa, AL 35401, USA"
Delta Sigma Phi,2,"Shower, bathroom","33.21206, -87.539273","Delta Sigma Phi, 415 Jefferson Avenue, Tuscaloosa, AL 35401, USA"
Theta Chi,B,Storage,"33.209841, -87.569173","Tuscaloosa, AL, USA"
Zeta Beta Tau,B,"Restrooms, chapter room, hallway between chapter room and both stairs","33.210209, -87.540257","Zeta Beta Tau, Tuscaloosa, AL 35401, USA"
Zeta Tau Alpha,1,Common restrooms,"33.207084, -87.548398","Zeta Tau Alpha, Tuscaloosa, AL 35401, USA"
Zeta Tau Alpha,2,Bathrooms,"33.207084, -87.548398","Zeta Tau Alpha, Tuscaloosa, AL 35401, USA"
Pi Kappa Alpha,1,Common restrooms,"33.208672, -87.53783","Pi Kappa Alpha, Tuscaloosa, AL 35401, USA"
Alpha Tau Omega,1,Restrooms,"33.209841, -87.569173","Tuscaloosa, AL, USA"
Alpha Tau Omega,2,Bathrooms,"33.209841, -87.569173","Tuscaloosa, AL, USA"
Delta Chi,1,Restrooms,"33.210651, -87.539421","Delta Chi, Tuscaloosa, AL 35401, USA"
Adams Hall,1,"Room 109, restrooms outside room 109","33.208576, -87.547961","Adams Hall, Tuscaloosa, AL 35401, USA"
AIME,1,"Room 108, room 110","33.154083, -87.335765","Aimee Drive, Coaling, AL 35453, USA"
Alston Hall,B,"Room 10, room 20, room 30, hallway between rooms 10 and 30, room 38 (restroom), room 42 (restroom)","33.211875, -87.548967","Alston Hall, Laurel Dr, Tuscaloosa, AL 35404, USA"
Alumni Hall,1,"Common restrooms, hallway between rooms 116 and 122","33.206263, -87.538252","Alumni Hall, Tuscaloosa, AL 35401, USA"
Alumni Hall,2,"Restrooms, hall between rooms 224 and 229","33.206263, -87.538252","Alumni Hall, Tuscaloosa, AL 35401, USA"
Ancillary Services Building,1,"Common restrooms, hallway between common restrooms","33.209841, -87.569173","Tuscaloosa, AL, USA"
Aquatic Center,1,Room 170,"33.205312, -87.542442","Aquatic Center, Tuscaloosa, AL 35401, USA"
Barnwell Hall,1,Room 1,"33.206593, -87.547434","Barnwell Hall, Tuscaloosa, AL 35401, USA"
BB Comer Hall,B,Basement hallway between rooms 32 and 34,"33.213535, -87.546983","B. B.Comer Hall, Tuscaloosa, AL 35401, USA"
BB Comer Hall,1,"Hallway between rooms 101 and 102A-F, hallway between north stairwell and room 111, closet in room 105A","33.213535, -87.546983","B. B.Comer Hall, Tuscaloosa, AL 35401, USA"
Bevill Energy Building,B,"Hallways, southern two east stairwells, common restrooms","33.216633, -87.543816","Tom Bevill Energy, Mineral, and Materials Science Research Building, Tuscaloosa, AL 35401, USA"
Bidgood Hall,B,"Common restroom outside room 4, room 34, south hallway between fire doors outside of entrances to room 10","33.21176, -87.548378","Bidgood Hall, Tuscaloosa, AL 35401, USA"
Biology Building,1,Interior hallway,"33.212288, -87.542295","Biology Building, Tuscaloosa, AL 35401, USA"
Blount Living Learning Center,1,"Restrooms outside rooms 17 and 19, hallway between rooms 137 and 146","33.216587, -87.548228","Blount Undergraduate Initiative Living-Learning Center, Tuscaloosa, AL 35401, USA"
Book Storage Facility,1,Common restroom,"33.209841, -87.569173","Tuscaloosa, AL, USA"
Brewer Porch Center,1,"Restrooms, room 178","33.187063, -87.481949","Brewer-Porch Childrens Center, Tuscaloosa, AL 35404, USA"
Brewer Porch Bldg. D,1,North common bathrooms,"33.187063, -87.481949","Brewer-Porch Childrens Center, Tuscaloosa, AL 35404, USA"
Brewer Porch Bldg. E,1,North common bathrooms,"33.187063, -87.481949","Brewer-Porch Childrens Center, Tuscaloosa, AL 35404, USA"
Brewer Porch Bldg. F,1,"West common bathrooms, east interior common bathroom","33.187063, -87.481949","Brewer-Porch Childrens Center, Tuscaloosa, AL 35404, USA"
Brewer Porch Multipurpose Buildin,1,Common restrooms,"33.209841, -87.569173","Tuscaloosa, AL, USA"
Brewer Porch Residential Brick I,1,Common restroom outside room 109,"33.209841, -87.569173","Tuscaloosa, AL, USA"
Brewer Porch Residential Brick II,1,East common restroom,"33.209841, -87.569173","Tuscaloosa, AL, USA"
Brewer Porch Residential Wood,1,Northeast common restroom,"33.209841, -87.569173","Tuscaloosa, AL, USA"
Brewer Porch WACS,1,West hallway between restrooms,"33.209841, -87.569173","Tuscaloosa, AL, USA"
Bruno Business Library,1,"Room 3, room 4, room 6, hallway between room 15 and stairwell including stairwell","33.211058, -87.549277","Angelo Bruno Business Library and Sloan Y. Bashinsky Computer Center, Tuscaloosa, AL 35401, USA"
Bryant Conference Center,1,"Stairwell outside room 123, hallway between rooms 121A and 121B, south common men's restrooms, common restrooms outside room 131C","33.206342, -87.538839","Bryant Conference Center, 240 Paul W Bryant Drive, Tuscaloosa, AL 35487, USA"
Bryant Conference Center,2,"Hallway between rooms 205 and 219, hallway between rooms 232 and 250","33.206342, -87.538839","Bryant Conference Center, 240 Paul W Bryant Drive, Tuscaloosa, AL 35487, USA"
Bryant Hall Academic Center,1,"West wing north stairwell, room 149, room 147, west wing common restrooms, south wing common restrooms","33.209841, -87.569173","Tuscaloosa, AL, USA"
Bryant Museum,1,Common restrooms,"33.206644, -87.539728","Paul W. Bryant Museum, 300 Paul W Bryant Drive, Tuscaloosa, AL 35487, USA"
Bryant Residence Hall,1,"Bathrooms except outside stairwells, stairwell outside room 110, stairwell outside room 108A","33.209841, -87.569173","Tuscaloosa, AL, USA"
Bryant Residence Hall,2,"Stairwell outside room 211, stairwell outside room L208","33.209841, -87.569173","Tuscaloosa, AL, USA"
Bryce Lawn Apartment (All Buildings),ALL,Interior bathroom in each suite,"33.209841, -87.569173","Tuscaloosa, AL, USA"
Bureau of Mines Building 1,1,Hallway,"33.212402, -87.544519","ROTC and A and S Programs Building, Tuscaloosa, AL 35401, USA"
Bureau of Mines Building 2,ALL,Proceed to Hardaway Hall,"33.212402, -87.544519","ROTC and A and S Programs Building, Tuscaloosa, AL 35401, USA"
Bureau of Mines Building 3,ALL,Proceed to Hardaway Hall,"33.212402, -87.544519","ROTC and A and S Programs Building, Tuscaloosa, AL 35401, USA"
Bureau of Mines Building 4,ALL,Proceed to Bureau of Mines Building 1,"33.212402, -87.544519","ROTC and A and S Programs Building, Tuscaloosa, AL 35401, USA"
Bureau of Mines Building 5,ALL,Proceed to Hardaway Hall,"33.212402, -87.544519","ROTC and A and S Programs Building, Tuscaloosa, AL 35401, USA"
Campus Drive Parking Deck,1,"Inside hallways, common restrooms outside room 166, room 166, room 155, room 127, room 128","33.212657, -87.540976","Campus Drive Parking Deck, Tuscaloosa, AL 35401, USA"
Capstone College of Nursing,1,"Room 1012, room 1026, room 1027","33.206764, -87.526365","Capstone College of Nursing, 650 University Boulevard, Tuscaloosa, AL 35401, USA"
Capstone Retirement Village,1,Interior halls except rooms D104 and D106,"33.209841, -87.569173","Tuscaloosa, AL, USA"
Capstone Village (All Cottages),ALL,Closet inside master bathroom,"33.209841, -87.569173","Tuscaloosa, AL, USA"
Capstone Village (Hallmark Manor),ALL,All bathrooms,"33.209841, -87.569173","Tuscaloosa, AL, USA"
Capstone Village (Traditions Way),ALL,All bathrooms EXCEPT rooms 116 and 141,"33.209841, -87.569173","Tuscaloosa, AL, USA"
Carmichael Hall,1,"Hallway between rooms 101A and 101I, hallway between center hallway and stairwell","33.211183, -87.548346","Carmichael Hall, Tuscaloosa, AL 35401, USA"
Child Development Research Center,1,"Room 33A-C, room 18, room 171, room 173, room 69, room 52, common restrooms near room 52, hallway outside common restrooms near room 52 including from room 59 to room 174","33.209202, -87.528681","Child Development Research Center, Tuscaloosa, AL 35404, USA"
Clark Hall,1,North stairwell,"33.212559, -87.545925","Clark Hall, Tuscaloosa, AL 35401, USA"
Coleman Coliseum,B,North stairwell,"33.203024, -87.539691","Coleman Coliseum, Tuscaloosa, AL 35401, USA"
Coleman Coliseum,1,Hallways,"33.203024, -87.539691","Coleman Coliseum, Tuscaloosa, AL 35401, USA"
Coleman Coliseum,2,All restrooms,"33.203024, -87.539691","Coleman Coliseum, Tuscaloosa, AL 35401, USA"
Design House,1,Hallway between room 104 and 108,"33.209841, -87.569173","Tuscaloosa, AL, USA"
Doster Hall,1,Room 104,"33.209007, -87.548189","Doster Hall, Tuscaloosa, AL 35401, USA"
East Annex,1,Interior hallway,"33.208462, -87.547212","East Annex, Tuscaloosa, AL 35401, USA"
East Quad Energy Plant,1,Room 105,"33.210149, -87.542296","East Quad Energy Plant, Tuscaloosa, AL 35401, USA"
Environmental Health and Safety,1,"Room 1013, room 1019, room 1020","33.21494, -87.534179","Environmental Health and Safety (EHS), 410 Campus Drive East, Tuscaloosa, AL 35401, USA"
Engineering Student Project Buildin,1,Common restrooms,"33.209841, -87.569173","Tuscaloosa, AL, USA"
Facilities Administration Building,1,"Common restrooms, room 138, room 171, room 172","33.209841, -87.569173","Tuscaloosa, AL, USA"
Facilities Maintenance Building,1,"Common restrooms, hallway outside room 109 including between rooms 133 and 134","33.209841, -87.569173","Tuscaloosa, AL, USA"
Facilities Paint Shop,ALL,Proceed to Fleet Services Building,"33.209841, -87.569173","Tuscaloosa, AL, USA"
Farrah Hall,ALL,Proceed to Moore Hall,"33.208802, -87.543862","Farrah Hall, Tuscaloosa, AL 35401, USA"
Ferguson Center,1,Main hallway between fire doors in lobby and room 128,"33.214432, -87.545566","Ferguson Student Center, 751 Campus Drive, Tuscaloosa, AL 35404, USA"
Ferguson Parking Deck,1,Eastern section of deck behind ramp to second level,"33.215493, -87.547011","Ferguson Center Parking Deck, Tuscaloosa, AL 35401, USA"
Fleet Services Garage,1,Hallway at Facilities Paint Shop entrance,"33.209841, -87.569173","Tuscaloosa, AL, USA"
Fleet Services Office,1,Closet in room 103A,"33.209841, -87.569173","Tuscaloosa, AL, USA"
Foster Auditorium,1,"Visitor locker, coaches locker, restrooms (102, 105, 109, 143, 133, 134, 125A, 125)","33.207734, -87.543936","Foster Auditorium, Tuscaloosa, AL 35401, USA"
Friedman Hall,1,"Hallway between west stairwell and room 153, hallway between room 139 and room 123","33.211377, -87.550544","Freidman Hall, Tuscaloosa, AL 35401, USA"
Gallalee Hall,1,Hallway between rooms 120 and 132,"33.209558, -87.543854","Gallalee Hall, Tuscaloosa, AL 35401, USA"
Garland Hall,1,Closet in room 100A,"33.212503, -87.545456","Garland Hall, Tuscaloosa, AL 35401, USA"
Gordon Palmer Hall,1,"Hallway between rooms A103 and A117, hallway between rooms 168 and 195, hallway between rooms 162B and 162C, hallway between rooms 130 and 162I, hallway between rooms 139 and 140 and to room 155","33.210833, -87.542238","Gordon Palmer Hall, Tuscaloosa, AL 35401, USA"
Gorgas Home,1,Stairway in room 101,"33.212619, -87.547643","The Gorgas House Museum, 810 Capstone Drive, Tuscaloosa, AL 35401, USA"
Gorgas Library,B,All interior space in Basement,"33.211803, -87.546032","Amelia Gayle Gorgas Library, 711 Capstone Drive, Tuscaloosa, AL 35487, USA"
Gorgas Library,1,interior hallways adjacent to NE and NW stairwells,"33.211803, -87.546032","Amelia Gayle Gorgas Library, 711 Capstone Drive, Tuscaloosa, AL 35487, USA"
Gorgas Library,2,"Rooms 0200, 0202 H located across NW stairwell","33.211803, -87.546032","Amelia Gayle Gorgas Library, 711 Capstone Drive, Tuscaloosa, AL 35487, USA"
Graves Hall,B,"Room 3, room 4, hallway between rooms 3 and 4","33.210627, -87.548501","Graves Hall, Tuscaloosa, AL 35401, USA"
Hardaway Hall,1,"Hallway between rooms 102 and 107, hallway between rooms 132 and 135","33.21327, -87.54471","Hardaway Hall, Tuscaloosa, AL 35401, USA"
Harris Hall,1,"Hallway between rooms 101 and 110, hallway between rooms 114 and 119","33.207668, -87.543353","Hayden-Harris Hall, Tuscaloosa, AL 35401, USA"
Hayden Harris Hall,B,Interior hallway,"33.207668, -87.543353","Hayden-Harris Hall, Tuscaloosa, AL 35401, USA"
Highlands on Hackberry Commons,1,Hallway outside common restrooms,"33.203451, -87.543045","Hackberry Lane, Tuscaloosa, AL 35401, USA"
Highlands on Hackberry (all buildin,1,Interior hallway of each apartment,"33.209841, -87.569173","Tuscaloosa, AL, USA"
Highlands on Hackberry (all buildin,2,Bathrooms in each apartment,"33.209841, -87.569173","Tuscaloosa, AL, USA"
Highlands on Hackberry (all buildin,3,Bathrooms in each apartment,"33.209841, -87.569173","Tuscaloosa, AL, USA"
Hillard Property,1,Rooms 104 and 112,"33.209841, -87.569173","Tuscaloosa, AL, USA"
HM Comer Hall,1,Restrooms outside room 147,"33.215585, -87.544259","H.M. Comer Hall, Tuscaloosa, AL 35401, USA"
Houser Hall,ALL,West stairwell,"33.21435, -87.544523","Houser Hall, Tuscaloosa, AL 35401, USA"
Houser Hall,2,Hallway,"33.21435, -87.544523","Houser Hall, Tuscaloosa, AL 35401, USA"
Indoor Tennis Facility,1,West common restrooms,"33.209841, -87.569173","Tuscaloosa, AL, USA"
Intramural Complex,ALL,Proceed to Student Recreation Center,"33.209841, -87.569173","Tuscaloosa, AL, USA"
Joint Eng./ A & S Students Projects,1,Rooms 102 and 104,"33.209841, -87.569173","Tuscaloosa, AL, USA"
Lakeside Dining,1,"Dining room common restrooms, hallway between rooms 109A and 109D","33.209841, -87.569173","Tuscaloosa, AL, USA"
Lakeside Residential East,1,Hallways past lobby fire doors,"33.218511, -87.546087","Lakeside Residential Area East, Tuscaloosa, AL 35401, USA"
Lakeside Residential West,1,Hallways past lobby fire doors,"33.218571, -87.547566","Lakeside Residential Area West, Tuscaloosa, AL 35401, USA"
Law Center,1,"Hallway from room 132 to end of hall, hallway from room 141 to room 160, hallway between room 172 and room 192, room 172, room 192","33.20388, -87.535584","Law Center, Tuscaloosa, AL 35401, USA"
Little Hall,ALL,Proceed to Moore Hall,"33.208558, -87.545465","Little Hall, Tuscaloosa, AL 35401, USA"
Lloyd Hall,B,"Hallway between room 4 and room 5, hallway from room 6 to steps, hallway and restroom outside room 20A, hallway and common restrooms outside room 25","33.211017, -87.543812","Lloyd Hall, 503 6th Avenue, Tuscaloosa, AL 35487, USA"
Maintenance Grounds Garage,ALL,Proceed to Ferguson Parking Deck,"33.209841, -87.569173","Tuscaloosa, AL, USA"
Maintenance Grounds Office,ALL,Proceed to Ferguson Parking Deck,"33.209841, -87.569173","Tuscaloosa, AL, USA"
Mal Moore Athletics Facility,1,"Hallway outside of room 1014, pool and bathroom areas outside of pool, hallway between room 1020 and 1022","33.209841, -87.569173","Tuscaloosa, AL, USA"
Manly Hall,1,Vestibule outside room 106,"33.212599, -87.546347","Manly Hall, Tuscaloosa, AL 35401, USA"
Martha Parham Hall East,1,"Stairwell outside room 134, common restroom outside room 133B, common restroom in room 173, stairwell outside room 177","33.206505, -87.545131","Martha Parham Hall, Tuscaloosa, AL 35401, USA"
Martha Parham Hall East,2,Common restrooms and stairwells,"33.206505, -87.545131","Martha Parham Hall, Tuscaloosa, AL 35401, USA"
Martha Parham Hall West,1,"Stairwell outside room 106, common restroom outside room 104, room 127A, room 127B, room 127C, common restroom outside room 124, hallway between room 115 and room 120, stairwell outside room 123B","33.206505, -87.545131","Martha Parham Hall, Tuscaloosa, AL 35401, USA"
Martha Parham Hall West,2,Common restrooms and stairwells,"33.206505, -87.545131","Martha Parham Hall, Tuscaloosa, AL 35401, USA"
Mary Burke Hall East,1,Common restroom outside room 132,"33.206493, -87.543786","Mary Burke Hall, Tuscaloosa, AL 35401, USA"
Mary Burke Hall East,2,Common restrooms,"33.206493, -87.543786","Mary Burke Hall, Tuscaloosa, AL 35401, USA"
Mary Burke Hall West,1,Hallway between room 115 and room 120,"33.206493, -87.543786","Mary Burke Hall, Tuscaloosa, AL 35401, USA"
Mary Burke Hall West,2,Common restrooms,"33.206493, -87.543786","Mary Burke Hall, Tuscaloosa, AL 35401, USA"
Mary Harmon Bryant Hall,1,Southeast quarter of room 117,"33.211034, -87.543217","Mary Harmon Bryant Hall, Tuscaloosa, AL 35401, USA"
Maxwell Hall,1,Common restroom,"33.211035, -87.550069","Frederick R. Maxwell Hall, Tuscaloosa, AL 35401, USA"
McLure Library,B,"Restrooms, closet outside east stairwell","33.210426, -87.548989","McLure Education Library, Tuscaloosa, AL 35401, USA"
McMillan Building,1,"Hallway between room 14 and corridor, hallway between computer lab (room 104) and elevator equipment room, hallway between waiting room (room 1) and women's restroom","33.216616, -87.542119","McMillan Building, Tuscaloosa, AL 35401, USA"
Moody Music Building,B,"Hallway, common restrooms","33.207555, -87.538094","Frank M. Moody Music Building, Tuscaloosa, AL 35401, USA"
Moore Hall,B,"Hallway, common restrooms","33.208478, -87.544878","A. B. Moore Hall, Tuscaloosa, AL 35401, USA"
Morgan Hall,1,Common restrooms,"33.212394, -87.548046","Morgan Hall, Tuscaloosa, AL 35401, USA"
Moundville Archaeological Park (Jo,B,Room 1,"33.209841, -87.569173","Tuscaloosa, AL, USA"
Moundville Archaeological Park (A,B,Rooms 1 and 3,"33.002734, -87.628053","Moundville Archaeological Park, 634 Mound Park, Moundville, AL 35474, USA"
Natatorium,1,"Room 100, room 106, hallway and restroom outside room 124","33.20534, -87.541893","Natatorium, Tuscaloosa, AL 35401, USA"
North Engineering Research,B,"Main room, hallway, common restrooms","33.215586, -87.543598","North Engineering Research Center, Tuscaloosa, AL 35401, USA"
North ten Hoor Parking Deck,ALL,Proceed to ten Hoor Parking Deck or ten Hoor Hall,"33.21313, -87.550223","North ten Hoor Parking Deck, Tuscaloosa, AL 35401, USA"
Nott Hall Annex,ALL,Proceed to Nott Hall,"33.209841, -87.569173","Tuscaloosa, AL, USA"
Nott Hall,1,"Common restrooms outside room 159, hallway between room 134 and stairwell","33.210259, -87.54395","Nott Hall, Tuscaloosa, AL 35401, USA"
Oliver Barnard Hall,1,"Common restroom, hall outside room 109, closet outside room 105","33.209841, -87.569173","Tuscaloosa, AL, USA"
Osband Hall,1,"Room 117, hallway between room 103 and room 105","33.207581, -87.544754","Osband Hall, Tuscaloosa, AL 35401, USA"
Palmer Hall,B,Basement hallway between room 8 and stairwell,"33.217015, -87.546191","Palmer Hall, Tuscaloosa, AL 35401, USA"
Palmer Hall,1,Hallway except at main entrance,"33.217015, -87.546191","Palmer Hall, Tuscaloosa, AL 35401, USA"
Paty Hall,1,Hallway between room 114 and room 140,"33.216344, -87.546632","Paty Hall, Tuscaloosa, AL 35401, USA"
Paty Hall,2,Common area outside front stairwell,"33.216344, -87.546632","Paty Hall, Tuscaloosa, AL 35401, USA"
Paty Hall,3,Common area outside front stairwell,"33.216344, -87.546632","Paty Hall, Tuscaloosa, AL 35401, USA"
Presidential Village I,2,Hallway: if safe to do so move to North Campus Storm Shelter locatedd in Student Activity Center,"33.220236, -87.543666","Presidential Village, Tuscaloosa, AL 35401, USA"
Presidential Village 2,2,Hallway; if safe to do so move to North Campus Storm Shelter located in Student Activity Center,"33.220236, -87.543666","Presidential Village, Tuscaloosa, AL 35401, USA"
President's Mansion,1,"Common restrooms, storage outside mechanical room","33.208744, -87.546451","President's Mansion, Tuscaloosa, AL 35401, USA"
Ridgecrest South Parking Deck,ALL,South two lanes,"33.209841, -87.569173","Tuscaloosa, AL, USA"
Reese-Phifer Hall,1,"Hallway between room 148 and room 180, hallway between room 101 and room 115","33.209563, -87.548999","Reese Phifer Hall, Tuscaloosa, AL 35401, USA"
Ridgecrest East,1,Interior hallways except in front common area,"33.217533, -87.548118","Ridgecrest East Residential, 900 2nd Street, Tuscaloosa, AL 35401, USA"
Ridgecrest South,1,Interior hallways except in front common areas,"33.21647, -87.549245","Ridgecrest South Residential, 905 2nd Street, Tuscaloosa, AL 35401, USA"
Ridgecrest West,1,Interior hallways except in front common area,"33.217773, -87.549569","Ridgecrest West Residential, 920 2nd Street, Tuscaloosa, AL 35401, USA"
Riverside Commons,1,Common restrooms,"33.214162, -87.552994","Riverside Drive, Tuscaloosa, AL 35401, USA"
Riverside Commons,2,Hallway between common restrooms,"33.214162, -87.552994","Riverside Drive, Tuscaloosa, AL 35401, USA"
Riverside East,1,Interior hallways except in front common area;  if safe to do so move to North Campus Storm Shelter locatedd in Student Activity Center,"33.218407, -87.54342","Riverside East, 706 Riverside Lane, Tuscaloosa, AL 35401, USA"
Riverside North,1,Interior hallways except in front common area;  if safe to do so move to North Campus Storm Shelter locatedd in Student Activity Center,"33.219042, -87.544063","Riverside North, 702 Riverside Lane, Tuscaloosa, AL 35401, USA"
Riverside West,1,Interior hallways except in front common area;  if safe to do so move to North Campus Storm Shelter locatedd in Student Activity Center,"33.218588, -87.544872","Riverside West, 703 Riverside Lane, Tuscaloosa, AL 35401, USA"
Rodgers Library,1,"Common restrooms, hallway between room 105 and stairwell, hallway between room 114 and room 117","33.209841, -87.569173","Tuscaloosa, AL, USA"
Rose Administration,B,"Room G50, room G55, common restrooms, hallway outside common restrooms","33.209614, -87.547066","Rose Administration, University Boulevard, Tuscaloosa, AL 35401, USA"
Rowand Johnson Hall,B,"East interior hallway including common restrooms, west center stairwell","33.213003, -87.548423","Rowand-Johnson Hall, Tuscaloosa, AL 35401, USA"
Russell Hall,1,"Common restrooms outside lecture hall, front stairwell, east corridor between fire doors","33.209537, -87.542371","Russell Hall, Tuscaloosa, AL 35401, USA"
Russell Hall,2,"Common restrooms outside lecture hall, lecture hall lobby, front stairwell, east and west hallways between fire doors and including stairwells, front common restrooms","33.209537, -87.542371","Russell Hall, Tuscaloosa, AL 35401, USA"
Russell Hall,3,North common restrooms,"33.209537, -87.542371","Russell Hall, Tuscaloosa, AL 35401, USA"
School of Medicine,1,"Hallway from room H105A to room D103, hallway from room H102 to room E106, interior stairwell, room B111, room B114, room B116, room B117","33.209841, -87.569173","Tuscaloosa, AL, USA"
School of Medicine,2,Hallway between room D201 and stairwell including stairwell,"33.209841, -87.569173","Tuscaloosa, AL, USA"
Science and Engineering Complex,1,"Common restrooms outside room 1301, hallway between rooms 1306 and 1346, hallway and stairwell between room 1314 and room 1318","33.214244, -87.541257","Science and Engineering Complex, Tuscaloosa, AL 35401, USA"
Science and Engineering Complex,2,"Common restrooms outside room 2303, hallway between rooms 2317 and 2324, hallway between room 2306 and room 2336, hallway and stairwell between room 2308 and room 2315","33.214244, -87.541257","Science and Engineering Complex, Tuscaloosa, AL 35401, USA"
Science and Engineering Complex,3,"Common restrooms outside room 3302, hallway between rooms 3306 and 3333, hallway between room 3313 and room 3318, hallway and stairwell between room 3306 and room 3311","33.214244, -87.541257","Science and Engineering Complex, Tuscaloosa, AL 35401, USA"
Sewell-Thomas Stadium,1,Interior corridor,"33.209841, -87.569173","Tuscaloosa, AL, USA"
Shelby Hall,1,Interior hall except at exits,"33.215044, -87.542328","Interdisciplinary Science Building - Shelby Hall, Tuscaloosa, AL 35401, USA"
Smith Hall,1,Interior halls,"33.21187, -87.54382","Smith Hall, 427 6th Avenue Northeast, Tuscaloosa, AL 35404, USA"
Smith Woods (all buildings),1,Bedroom hallway,"33.209841, -87.569173","Tuscaloosa, AL, USA"
Soccer Stadium,ALL,Proceed to Student Recreation Center,"33.210829, -87.532373","Alabama Soccer Stadium, Tuscaloosa, AL 35401, USA"
Softball Club House,1,"Room 101, room 104, room 105","33.209841, -87.569173","Tuscaloosa, AL, USA"
Somerville Hall,1,East and west hallways,"33.217057, -87.547176","Somerville Hall, Tuscaloosa, AL 35401, USA"
South Engineering Research Center,1,"Room 1013, room 1059, common restrooms","33.214276, -87.543914","South Engineering Research Center, Shelby Lane, Tuscaloosa, AL 35401, USA"
South Lawn Office Building,1,Interior offices and common restrooms,"33.204112, -87.532701","South Lawn Office Building, Tuscaloosa, AL 35401, USA"
Stadium Drive Parking Deck,1,Southeast quarter,"33.209841, -87.569173","Tuscaloosa, AL, USA"
Stallings Center,1,Hallway between room 115 and room 121 except at main hall crossing,"33.208219, -87.529229","Stallings Center, Tuscaloosa, AL 35404, USA"
Student Activity Center,B,North Campus Storm Shelter,"33.209841, -87.569173","Tuscaloosa, AL, USA"
Student Media Building,1,"Room 1018, common restrooms, hall between room 1022 and room 1028","33.209841, -87.569173","Tuscaloosa, AL, USA"
Student Recreation Center,1,"Locker rooms, room 155, room 156, hallway outside room 154","33.212474, -87.531704","Student Recreation Center, Tuscaloosa, AL 35401, USA"
Student Services Center,1,"Room 106C, room 106E, room 106F, room 106J, room 106K, room 105H, room 105J, room 105T, room 103C, room 103D, room 103E, common restrooms","33.21449, -87.546894","Student Services Center, Tuscaloosa, AL 35401, USA"
Temple Tutwiler Hall,1,Common restrooms,"33.209052, -87.548878","Temple Tutwiler Hall, Tuscaloosa, AL 35401, USA"
Ten Hoor Hall,B,Center hallway,"33.212902, -87.549279","ten Hoor Hall, Marrs Spring Road, Tuscaloosa, AL 35401, USA"
University Club,1,"Room 104, room 105, hallway between room 106 and room 108 including common restroom","33.212396, -87.559827","The University Club, 421 Queen City Avenue, Tuscaloosa, AL 35401, USA"
Theater and Dance,1,Hallway around room 117,"33.213019, -87.548375","University of Alabama Theatre and Dance, Tuscaloosa, AL 35487, USA"
Tuomey Hall,1,"Common restroom, hallway outside room 102, hallway outside room 103","33.209841, -87.569173","Tuscaloosa, AL, USA"
Tutwiler Hall,1,"Hallway outside room 140 and to room 128, common restrooms outside room 140; 2-4fl interior hallways and common restrooms except center common area","33.205676, -87.548328","Tutwiler Hall, Tuscaloosa, AL 35401, USA"
Student Health Center,ALL,Proceed to School of Medicine,"33.208004, -87.53142","Student Health Center, 750 5th Avenue East, Tuscaloosa, AL 35401, USA"
UAPD Garage,ALL,Proceed to Main UAPD Building,"33.209841, -87.569173","Tuscaloosa, AL, USA"
UAPD Main Building/ UPC,1,Area near the holding cells,"33.209841, -87.569173","Tuscaloosa, AL, USA"
Varsity Tennis Stadium,ALL,Proceed to Student Recreation Center,"33.209841, -87.569173","Tuscaloosa, AL, USA"
Weclome Center--Bryant Denny St,1,Storage closet at south wall; Public restrooms in common area near south entrance,"33.196482, -87.506055","Denny Street, Tuscaloosa, AL 35404, USA"
Woods Hall,1,Common restroom,"33.21328, -87.545762","Woods Hall, Tuscaloosa, AL 35401, USA"
